category,Users,Volume,Transactions
1632268800000,10152,10152,10152
1632182400000,9075,9075,9075
1632096000000,8617,8617,8617
1632009600000,9997,9997,9997
1631923200000,10839,10839,10839
1631836800000,8838,8838,8838
1631750400000,9868,9868,9868
1631664000000,10399,10399,10399
1631577600000,11026,11026,11026
1631491200000,9976,9976,9976
1631404800000,11710,11710,11710
1631318400000,13342,13342,13342
1631232000000,11600,11600,11600
1631145600000,9574,9574,9574
1631059200000,10109,10109,10109
1630972800000,10362,10362,10362
1630886400000,10498,10498,10498
1630800000000,11818,11818,11818
1630713600000,12730,12730,12730
1630627200000,9077,9077,9077
1630540800000,14144,14144,14144
1630454400000,12702,12702,12702
1630368000000,13459,13459,13459
1630281600000,14578,14578,14578
1630195200000,16468,16468,16468
1630108800000,19294,19294,19294
1630022400000,14906,14906,14906
1629936000000,18009,18009,18009
1629849600000,16250,16250,16250
1629763200000,17048,17048,17048
1629676800000,15737,15737,15737
1629590400000,21188,21188,21188
1629504000000,23167,23167,23167
1629417600000,26289,26289,26289
1629331200000,25775,25775,25775
1629244800000,22919,22919,22919
1629158400000,23945,23945,23945
1629072000000,24129,24129,24129
1628985600000,25968,25968,25968
1628899200000,25935,25935,25935
1628812800000,20740,20740,20740
1628726400000,25987,25987,25987
1628640000000,25068,25068,25068
1628553600000,24569,24569,24569
1628467200000,27335,27335,27335
1628380800000,28376,28376,28376
1628294400000,27538,27538,27538
1628208000000,31368,31368,31368
1628121600000,27005,27005,27005
1628035200000,24140,24140,24140
1627948800000,28894,28894,28894
1627862400000,22940,22940,22940
1627776000000,23046,23046,23046
1627689600000,25493,25493,25493
1627603200000,25141,25141,25141
1627516800000,25938,25938,25938
1627430400000,21232,21232,21232
1627344000000,18525,18525,18525
1627257600000,17064,17064,17064
1627171200000,27733,27733,27733
1627084800000,25851,25851,25851
1626998400000,27278,27278,27278
1626912000000,34685,34685,34685
1626825600000,15241,15241,15241
1626739200000,17267,17267,17267
1626652800000,16665,16665,16665
1626566400000,15157,15157,15157
1626480000000,19368,19368,19368
1626393600000,21217,21217,21217
1626307200000,23588,23588,23588
1626220800000,24619,24619,24619
1626134400000,27261,27261,27261
1626048000000,22223,22223,22223
1625961600000,17991,17991,17991
1625875200000,20677,20677,20677
1625788800000,19604,19604,19604
1625702400000,17778,17778,17778
1625616000000,18516,18516,18516
1625529600000,11812,11812,11812
1625443200000,12573,12573,12573
1625356800000,14231,14231,14231
1625270400000,13046,13046,13046
1625184000000,12232,12232,12232
1625097600000,9033,9033,9033
1625011200000,10628,10628,10628
1624924800000,8172,8172,8172
1624838400000,7488,7488,7488
1624752000000,6809,6809,6809
1624665600000,6834,6834,6834
1624579200000,5614,5614,5614
1624492800000,6140,6140,6140
1624406400000,4549,4549,4549
1624320000000,5129,5129,5129
1624233600000,4711,4711,4711
1624147200000,5499,5499,5499
1624060800000,5033,5033,5033
1623974400000,4417,4417,4417
1623888000000,4063,4063,4063
1623801600000,4032,4032,4032
1623715200000,4013,4013,4013
1623628800000,3805,3805,3805
1623542400000,3638,3638,3638
1623456000000,3632,3632,3632
1623369600000,3974,3974,3974
1623283200000,3401,3401,3401
1623196800000,3076,3076,3076
1623110400000,3191,3191,3191
1623024000000,2903,2903,2903
1622937600000,2868,2868,2868
1622851200000,2917,2917,2917
1622764800000,2960,2960,2960
1622678400000,2607,2607,2607
1622592000000,2352,2352,2352
1622505600000,2680,2680,2680
1622419200000,2478,2478,2478
1622332800000,2692,2692,2692
1622246400000,3255,3255,3255
1622160000000,4389,4389,4389
1622073600000,2374,2374,2374
1621987200000,1371,1371,1371
1621900800000,1270,1270,1270
1621814400000,1223,1223,1223
1621728000000,974,974,974
1621641600000,1414,1414,1414
1621555200000,1132,1132,1132
1621468800000,1213,1213,1213
1621382400000,510,510,510
1621296000000,1108,1108,1108
1621209600000,1145,1145,1145
1621123200000,1492,1492,1492
1621036800000,1166,1166,1166
1620950400000,891,891,891
1620864000000,861,861,861
1620777600000,457,457,457
1620691200000,265,265,265
1620604800000,198,198,198
1620518400000,440,440,440
1620432000000,364,364,364
1620345600000,743,743,743
1620259200000,781,781,781
1620172800000,904,904,904
1620086400000,868,868,868
1620000000000,897,897,897
1619913600000,1208,1208,1208
1619827200000,1473,1473,1473
1619740800000,1879,1879,1879
1619654400000,1979,1979,1979
1619568000000,2979,2979,2979
1619481600000,2691,2691,2691
1619395200000,1769,1769,1769
1619308800000,2483,2483,2483
1619222400000,2184,2184,2184
1619136000000,1022,1022,1022
1619049600000,911,911,911
1618963200000,906,906,906
1618876800000,151,151,151
1618790400000,467,467,467
1618704000000,603,603,603
1618617600000,695,695,695
1618531200000,445,445,445
1618444800000,1566,1566,1566
1618358400000,817,817,817
1618272000000,1146,1146,1146
1618185600000,1042,1042,1042
1618099200000,2136,2136,2136
1618012800000,1395,1395,1395
1617926400000,1201,1201,1201
1617840000000,1151,1151,1151
1617753600000,902,902,902
1617667200000,1105,1105,1105
1617580800000,1392,1392,1392
1617494400000,2072,2072,2072
1617408000000,1540,1540,1540
1617321600000,892,892,892
1617235200000,554,554,554
1617148800000,831,831,831
1617062400000,1020,1020,1020
1616976000000,1028,1028,1028
1616889600000,1111,1111,1111
1616803200000,1378,1378,1378
1616716800000,1101,1101,1101
1616630400000,705,705,705
1616544000000,866,866,866
1616457600000,788,788,788
1616371200000,734,734,734
1616284800000,1263,1263,1263
1616198400000,1365,1365,1365
1616112000000,1134,1134,1134
1616025600000,796,796,796
1615939200000,792,792,792
1615852800000,1085,1085,1085
1615766400000,2740,2740,2740
1615680000000,3545,3545,3545
1615593600000,2415,2415,2415
1615507200000,877,877,877
1615420800000,753,753,753
1615334400000,879,879,879
1615248000000,1455,1455,1455
1615161600000,1114,1114,1114
1615075200000,1106,1106,1106
1614988800000,1489,1489,1489
1614902400000,1044,1044,1044
1614816000000,1639,1639,1639
1614729600000,830,830,830
1614643200000,642,642,642
1614556800000,577,577,577
1614470400000,842,842,842
1614384000000,715,715,715
1614297600000,564,564,564
1614211200000,470,470,470
1614124800000,605,605,605
1614038400000,223,223,223
1613952000000,550,550,550
1613865600000,2357,2357,2357
1613779200000,2973,2973,2973
1613692800000,1364,1364,1364
1613606400000,437,437,437
1613520000000,740,740,740
1613433600000,2136,2136,2136
1613347200000,1456,1456,1456
1613260800000,2966,2966,2966
1613174400000,1000,1000,1000
1613088000000,694,694,694
1613001600000,1301,1301,1301
1612915200000,583,583,583
1612828800000,302,302,302
1612742400000,546,546,546
1612656000000,739,739,739
1612569600000,1151,1151,1151
1612483200000,464,464,464
1612396800000,197,197,197
1612310400000,479,479,479
1612224000000,495,495,495
1612137600000,422,422,422
1612051200000,1759,1759,1759
1611964800000,785,785,785
1611878400000,146,146,146
1611792000000,417,417,417
1611705600000,580,580,580
1611619200000,584,584,584
1611532800000,387,387,387
1611446400000,887,887,887
1611360000000,701,701,701
1611273600000,310,310,310
1611187200000,619,619,619
1611100800000,388,388,388
1611014400000,270,270,270
1610928000000,779,779,779
1610841600000,933,933,933
1610755200000,534,534,534
1610668800000,838,838,838
1610582400000,604,604,604
1610496000000,1144,1144,1144
1610409600000,819,819,819
1610323200000,116,116,116
1610236800000,800,800,800
1610150400000,790,790,790
1610064000000,243,243,243
1609977600000,260,260,260
1609891200000,335,335,335
1609804800000,258,258,258
1609718400000,132,132,132
1609632000000,352,352,352
1609545600000,831,831,831
1609459200000,1224,1224,1224
1609372800000,548,548,548
1609286400000,364,364,364
1609200000000,689,689,689
1609113600000,827,827,827
1609027200000,836,836,836
1608940800000,1070,1070,1070
1608854400000,885,885,885
1608768000000,1101,1101,1101
1608681600000,771,771,771
1608595200000,1462,1462,1462
1608508800000,1397,1397,1397
1608422400000,2676,2676,2676
1608336000000,1949,1949,1949
1608249600000,1560,1560,1560
1608163200000,357,357,357
1608076800000,1065,1065,1065
1607990400000,1080,1080,1080
1607904000000,1935,1935,1935
1607817600000,2311,2311,2311
1607731200000,2347,2347,2347
1607644800000,1378,1378,1378
1607558400000,2096,2096,2096
1607472000000,1757,1757,1757
1607385600000,2451,2451,2451
1607299200000,1362,1362,1362
1607212800000,2268,2268,2268
1607126400000,2031,2031,2031
1607040000000,1218,1218,1218
1606953600000,1623,1623,1623
1606867200000,1731,1731,1731
1606780800000,1172,1172,1172
1606694400000,1411,1411,1411
1606608000000,2011,2011,2011
1606521600000,1856,1856,1856
1606435200000,1852,1852,1852
1606348800000,1029,1029,1029
1606262400000,1475,1475,1475
1606176000000,1078,1078,1078
1606089600000,1226,1226,1226
1606003200000,1549,1549,1549
1605916800000,1339,1339,1339
1605830400000,1104,1104,1104
1605744000000,2063,2063,2063
1605657600000,1245,1245,1245
1605571200000,1249,1249,1249
1605484800000,1484,1484,1484
1605398400000,2504,2504,2504
1605312000000,1937,1937,1937
1605225600000,1366,1366,1366
1605139200000,1353,1353,1353
1605052800000,1511,1511,1511
1604966400000,6341,6341,6341
1604880000000,1362,1362,1362
1604793600000,1545,1545,1545
1604707200000,1026,1026,1026
1604620800000,904,904,904
1604534400000,916,916,916
1604448000000,1205,1205,1205
1604361600000,1150,1150,1150
1604275200000,1076,1076,1076
1604188800000,1131,1131,1131
1604102400000,1134,1134,1134
1604016000000,923,923,923
1603929600000,950,950,950
1603843200000,2056,2056,2056
1603756800000,1066,1066,1066
1603670400000,2332,2332,2332
1603584000000,838,838,838
1603497600000,878,878,878
1603411200000,883,883,883
1603324800000,694,694,694
1603238400000,643,643,643
1603152000000,659,659,659
1603065600000,715,715,715
1602979200000,762,762,762
1602892800000,926,926,926
1602806400000,721,721,721
1602720000000,593,593,593
1602633600000,567,567,567
1602547200000,657,657,657
1602460800000,716,716,716
1602374400000,776,776,776
1602288000000,822,822,822
1602201600000,695,695,695
1602115200000,488,488,488
1602028800000,513,513,513
1601942400000,553,553,553
1601856000000,638,638,638
1601769600000,575,575,575
1601683200000,595,595,595
1601596800000,526,526,526
1601510400000,583,583,583
1601424000000,549,549,549
1601337600000,381,381,381
1601251200000,443,443,443
1601164800000,707,707,707
1601078400000,596,596,596
1600992000000,609,609,609
1600905600000,468,468,468
1600819200000,790,790,790
1600732800000,1112,1112,1112
1600646400000,233,233,233
1600560000000,358,358,358
1600473600000,349,349,349
1600387200000,111,111,111
1600300800000,110,110,110
1600214400000,171,171,171
1600128000000,165,165,165
1600041600000,168,168,168
1599955200000,195,195,195
1599868800000,340,340,340
1599782400000,212,212,212
1599696000000,160,160,160
1599609600000,205,205,205
1599523200000,219,219,219
1599436800000,223,223,223
1599350400000,351,351,351
1599264000000,123,123,123
1599177600000,315,315,315
1599091200000,190,190,190
1599004800000,263,263,263
1598918400000,77,77,77
1598832000000,239,239,239
1598745600000,128,128,128
1598659200000,257,257,257
1598572800000,362,362,362
1598486400000,210,210,210
1598400000000,155,155,155
1598313600000,140,140,140
1598227200000,200,200,200
1598140800000,240,240,240
1598054400000,261,261,261
1597968000000,119,119,119
1597881600000,173,173,173
1597795200000,134,134,134
1597708800000,172,172,172
1597622400000,225,225,225
1597536000000,218,218,218
1597449600000,217,217,217
1597363200000,158,158,158
1597276800000,142,142,142
1597190400000,62,62,62
1597104000000,424,424,424
1597017600000,341,341,341
1596931200000,406,406,406
1596844800000,400,400,400
1596758400000,474,474,474
1596672000000,578,578,578
1596585600000,559,559,559
1596499200000,278,278,278
1596412800000,295,295,295
1596326400000,238,238,238
1596240000000,128,128,128
1596153600000,81,81,81
1596067200000,74,74,74
1595980800000,140,140,140
1595894400000,277,277,277
1595808000000,123,123,123
1595721600000,163,163,163
1595635200000,158,158,158
1595548800000,108,108,108
1595462400000,170,170,170
1595376000000,156,156,156
1595289600000,143,143,143
1595203200000,103,103,103
1595116800000,150,150,150
1595030400000,202,202,202
1594944000000,182,182,182
1594857600000,188,188,188
1594771200000,166,166,166
1594684800000,235,235,235
1594598400000,233,233,233
1594512000000,352,352,352
1594425600000,466,466,466
1594339200000,580,580,580
1594252800000,716,716,716
1594166400000,985,985,985
1594080000000,921,921,921
1593993600000,481,481,481
1593907200000,102,102,102
1593820800000,93,93,93
1593734400000,55,55,55
1593648000000,78,78,78
1593561600000,49,49,49
1593475200000,44,44,44
1593388800000,55,55,55
1593302400000,66,66,66
1593216000000,61,61,61
1593129600000,73,73,73
1593043200000,69,69,69
1592956800000,64,64,64
1592870400000,65,65,65
1592784000000,57,57,57
1592697600000,108,108,108
1592611200000,134,134,134
1592524800000,70,70,70
1592438400000,71,71,71
1592352000000,73,73,73
1592265600000,72,72,72
1592179200000,61,61,61
1592092800000,95,95,95
1592006400000,103,103,103
1591920000000,73,73,73
1591833600000,72,72,72
1591747200000,53,53,53
1591660800000,56,56,56
1591574400000,68,68,68
1591488000000,96,96,96
1591401600000,78,78,78
1591315200000,82,82,82
1591228800000,82,82,82
1591142400000,71,71,71
1591056000000,74,74,74
1590969600000,76,76,76
1590883200000,69,69,69
1590796800000,60,60,60
1590710400000,129,129,129
1590624000000,57,57,57
1590537600000,59,59,59
1590451200000,145,145,145
1590364800000,43,43,43
1590278400000,68,68,68
1590192000000,107,107,107
1590105600000,74,74,74
1590019200000,23,23,23
1589932800000,106,106,106
1589846400000,122,122,122
1589760000000,73,73,73
1589673600000,139,139,139
1589587200000,143,143,143
1589500800000,92,92,92
1589414400000,55,55,55
1589328000000,79,79,79
1589241600000,93,93,93
1589155200000,119,119,119
1589068800000,90,90,90
1588982400000,141,141,141
1588896000000,118,118,118
1588809600000,100,100,100
1588723200000,137,137,137
1588636800000,151,151,151
1588550400000,152,152,152
1588464000000,163,163,163
1588377600000,179,179,179
1588291200000,133,133,133
1588204800000,127,127,127
1588118400000,117,117,117
1588032000000,163,163,163
1587945600000,172,172,172
1587859200000,176,176,176
1587772800000,133,133,133
1587686400000,152,152,152
1587600000000,142,142,142
1587513600000,144,144,144
1587427200000,133,133,133
1587340800000,152,152,152
1587254400000,131,131,131
1587168000000,150,150,150
1587081600000,161,161,161
1586995200000,179,179,179
1586908800000,149,149,149
1586822400000,168,168,168
1586736000000,150,150,150
1586649600000,163,163,163
1586563200000,164,164,164
1586476800000,163,163,163
1586390400000,172,172,172
1586304000000,142,142,142
1586217600000,185,185,185
1586131200000,154,154,154
1586044800000,130,130,130
1585958400000,116,116,116
1585872000000,203,203,203
1585785600000,158,158,158
1585699200000,132,132,132
1585612800000,171,171,171
1585526400000,144,144,144
1585440000000,127,127,127
1585353600000,116,116,116
1585267200000,173,173,173
1585180800000,113,113,113
1585094400000,109,109,109
1585008000000,133,133,133
1584921600000,148,148,148
1584835200000,125,125,125
1584748800000,117,117,117
1584662400000,136,136,136
1584576000000,133,133,133
1584489600000,156,156,156
1584403200000,125,125,125
1584316800000,91,91,91
1584230400000,103,103,103
1584144000000,142,142,142
1584057600000,103,103,103
1583971200000,51,51,51
1583884800000,172,172,172
1583798400000,165,165,165
1583712000000,143,143,143
1583625600000,122,122,122
1583539200000,159,159,159
1583452800000,149,149,149
1583366400000,129,129,129
1583280000000,148,148,148
1583193600000,156,156,156
1583107200000,157,157,157
1583020800000,151,151,151
1582934400000,139,139,139
1582848000000,159,159,159
1582761600000,152,152,152
1582675200000,137,137,137
1582588800000,152,152,152
1582502400000,147,147,147
1582416000000,153,153,153
1582329600000,135,135,135
1582243200000,133,133,133
1582156800000,143,143,143
1582070400000,153,153,153
1581984000000,161,161,161
1581897600000,146,146,146
1581811200000,145,145,145
1581724800000,121,121,121
1581638400000,131,131,131
1581552000000,117,117,117
1581465600000,126,126,126
1581379200000,143,143,143
1581292800000,128,128,128
1581206400000,114,114,114
1581120000000,155,155,155
1581033600000,139,139,139
1580947200000,139,139,139
1580860800000,194,194,194
1580774400000,164,164,164
1580688000000,206,206,206
1580601600000,192,192,192
1580515200000,190,190,190
1580428800000,217,217,217
1580342400000,214,214,214
1580256000000,201,201,201
1580169600000,187,187,187
1580083200000,221,221,221
1579996800000,213,213,213
1579910400000,213,213,213
1579824000000,203,203,203
1579737600000,230,230,230
1579651200000,196,196,196
1579564800000,199,199,199
1579478400000,209,209,209
1579392000000,201,201,201
1579305600000,162,162,162
1579219200000,175,175,175
1579132800000,167,167,167
1579046400000,181,181,181
1578960000000,155,155,155
1578873600000,151,151,151
1578787200000,152,152,152
1578700800000,131,131,131
1578614400000,154,154,154
1578528000000,133,133,133
1578441600000,112,112,112
1578355200000,136,136,136
1578268800000,140,140,140
1578182400000,129,129,129
1578096000000,123,123,123
1578009600000,138,138,138
1577923200000,159,159,159
1577836800000,120,120,120
1577750400000,115,115,115
1577664000000,120,120,120
1577577600000,126,126,126
1577491200000,128,128,128
1577404800000,143,143,143
1577318400000,112,112,112
1577232000000,118,118,118
1577145600000,152,152,152
1577059200000,128,128,128
1576972800000,147,147,147
1576886400000,144,144,144
1576800000000,111,111,111
1576713600000,148,148,148
1576627200000,159,159,159
1576540800000,135,135,135
1576454400000,134,134,134
1576368000000,125,125,125
1576281600000,131,131,131
1576195200000,124,124,124
1576108800000,134,134,134
1576022400000,147,147,147
1575936000000,154,154,154
1575849600000,147,147,147
1575763200000,125,125,125
1575676800000,131,131,131
1575590400000,138,138,138
1575504000000,130,130,130
1575417600000,135,135,135
1575331200000,139,139,139
1575244800000,131,131,131
1575158400000,128,128,128
1575072000000,116,116,116
1574985600000,127,127,127
1574899200000,122,122,122
1574812800000,133,133,133
1574726400000,147,147,147
1574640000000,122,122,122
1574553600000,140,140,140
1574467200000,135,135,135
1574380800000,128,128,128
1574294400000,148,148,148
1574208000000,144,144,144
1574121600000,140,140,140
1574035200000,148,148,148
1573948800000,147,147,147
1573862400000,139,139,139
1573776000000,137,137,137
1573689600000,137,137,137
1573603200000,147,147,147
1573516800000,138,138,138
1573430400000,138,138,138
1573344000000,146,146,146
1573257600000,146,146,146
1573171200000,146,146,146
1573084800000,129,129,129
1572998400000,134,134,134
1572912000000,137,137,137
1572825600000,138,138,138
1572739200000,127,127,127
1572652800000,132,132,132
1572566400000,118,118,118
1572480000000,132,132,132
1572393600000,119,119,119
1572307200000,120,120,120
1572220800000,132,132,132
1572134400000,109,109,109
1572048000000,116,116,116
1571961600000,123,123,123
1571875200000,115,115,115
1571788800000,115,115,115
1571702400000,124,124,124
1571616000000,141,141,141
1571529600000,121,121,121
1571443200000,116,116,116
1571356800000,133,133,133
1571270400000,125,125,125
1571184000000,115,115,115
1571097600000,126,126,126
1571011200000,120,120,120
1570924800000,112,112,112
1570838400000,113,113,113
1570752000000,115,115,115
1570665600000,126,126,126
1570579200000,110,110,110
1570492800000,122,122,122
1570406400000,124,124,124
1570320000000,103,103,103
1570233600000,114,114,114
1570147200000,115,115,115
1570060800000,109,109,109
1569974400000,113,113,113
1569888000000,129,129,129
1569801600000,107,107,107
1569715200000,76,76,76
1569628800000,84,84,84
1569542400000,62,62,62
1569456000000,68,68,68
1569369600000,64,64,64
1569283200000,58,58,58
1569196800000,69,69,69
1569110400000,106,106,106
1569024000000,99,99,99
1568937600000,73,73,73
1568851200000,63,63,63
1568764800000,71,71,71
1568678400000,67,67,67
1568592000000,57,57,57
1568505600000,81,81,81
1568419200000,64,64,64
1568332800000,73,73,73
1568246400000,80,80,80
1568160000000,63,63,63
1568073600000,46,46,46
1567987200000,67,67,67
1567900800000,86,86,86
1567814400000,91,91,91
1567728000000,105,105,105
1567641600000,102,102,102
1567555200000,137,137,137
1567468800000,135,135,135
1567382400000,147,147,147
1567296000000,143,143,143
1567209600000,146,146,146
1567123200000,153,153,153
1567036800000,146,146,146
1566950400000,148,148,148
1566864000000,161,161,161
1566777600000,129,129,129
1566691200000,148,148,148
1566604800000,149,149,149
1566518400000,143,143,143
1566432000000,137,137,137
1566345600000,141,141,141
1566259200000,144,144,144
1566172800000,150,150,150
1566086400000,166,166,166
1566000000000,153,153,153
1565913600000,142,142,142
1565827200000,156,156,156
1565740800000,164,164,164
1565654400000,144,144,144
1565568000000,158,158,158
1565481600000,149,149,149
1565395200000,148,148,148
1565308800000,160,160,160
1565222400000,136,136,136
1565136000000,129,129,129
1565049600000,129,129,129
1564963200000,134,134,134
1564876800000,134,134,134
1564790400000,125,125,125
1564704000000,130,130,130
1564617600000,125,125,125
1564531200000,135,135,135
1564444800000,126,126,126
1564358400000,154,154,154
1564272000000,132,132,132
1564185600000,139,139,139
1564099200000,150,150,150
1564012800000,132,132,132
1563926400000,127,127,127
1563840000000,161,161,161
1563753600000,139,139,139
1563667200000,144,144,144
1563580800000,142,142,142
1563494400000,134,134,134
1563408000000,158,158,158
1563321600000,156,156,156
1563235200000,62,62,62
1563148800000,153,153,153
1563062400000,151,151,151
1562976000000,148,148,148
1562889600000,164,164,164
1562803200000,136,136,136
1562716800000,158,158,158
1562630400000,153,153,153
1562544000000,141,141,141
1562457600000,156,156,156
1562371200000,127,127,127
1562284800000,137,137,137
1562198400000,145,145,145
1562112000000,161,161,161
1562025600000,129,129,129
1561939200000,134,134,134
1561852800000,157,157,157
1561766400000,169,169,169
1561680000000,153,153,153
1561593600000,167,167,167
1561507200000,166,166,166
1561420800000,155,155,155
1561334400000,189,189,189
1561248000000,178,178,178
1561161600000,182,182,182
1561075200000,169,169,169
1560988800000,174,174,174
1560902400000,188,188,188
1560816000000,203,203,203
1560729600000,169,169,169
1560643200000,175,175,175
1560556800000,194,194,194
1560470400000,185,185,185
1560384000000,198,198,198
1560297600000,192,192,192
1560211200000,211,211,211
1560124800000,164,164,164
1560038400000,175,175,175
1559952000000,176,176,176
1559865600000,203,203,203
1559779200000,184,184,184
1559692800000,196,196,196
1559606400000,199,199,199
1559520000000,186,186,186
1559433600000,190,190,190
1559347200000,169,169,169
1559260800000,176,176,176
1559174400000,186,186,186
1559088000000,194,194,194
1559001600000,192,192,192
1558915200000,190,190,190
1558828800000,211,211,211
1558742400000,198,198,198
1558656000000,195,195,195
1558569600000,204,204,204
1558483200000,201,201,201
1558396800000,199,199,199
1558310400000,178,178,178
1558224000000,181,181,181
1558137600000,191,191,191
1558051200000,144,144,144
1557964800000,137,137,137
1557878400000,166,166,166
1557792000000,210,210,210
1557705600000,199,199,199
1557619200000,230,230,230
1557532800000,205,205,205
1557446400000,213,213,213
1557360000000,207,207,207
1557273600000,203,203,203
1557187200000,173,173,173
1557100800000,205,205,205
1557014400000,187,187,187
1556928000000,190,190,190
1556841600000,196,196,196
1556755200000,199,199,199
1556668800000,197,197,197
1556582400000,185,185,185
1556496000000,187,187,187
1556409600000,209,209,209
1556323200000,206,206,206
1556236800000,160,160,160
1556150400000,201,201,201
1556064000000,203,203,203
1555977600000,193,193,193
1555891200000,185,185,185
1555804800000,186,186,186
1555718400000,171,171,171
1555632000000,149,149,149
1555545600000,163,163,163
1555459200000,160,160,160
1555372800000,166,166,166
1555286400000,161,161,161
1555200000000,180,180,180
1555113600000,152,152,152
1555027200000,155,155,155
1554940800000,173,173,173
1554854400000,164,164,164
1554768000000,178,178,178
1554681600000,177,177,177
1554595200000,170,170,170
1554508800000,158,158,158
1554422400000,163,163,163
1554336000000,171,171,171
1554249600000,164,164,164
1554163200000,190,190,190
1554076800000,183,183,183
1553990400000,186,186,186
1553904000000,180,180,180
1553817600000,175,175,175
1553731200000,179,179,179
1553644800000,169,169,169
1553558400000,185,185,185
1553472000000,172,172,172
1553385600000,174,174,174
1553299200000,183,183,183
1553212800000,249,249,249
1553126400000,199,199,199
1553040000000,190,190,190
1552953600000,184,184,184
1552867200000,177,177,177
1552780800000,175,175,175
1552694400000,170,170,170
1552608000000,170,170,170
1552521600000,183,183,183
1552435200000,171,171,171
1552348800000,170,170,170
1552262400000,182,182,182
1552176000000,180,180,180
1552089600000,174,174,174
1552003200000,176,176,176
1551916800000,187,187,187
1551830400000,165,165,165
1551744000000,181,181,181
1551657600000,178,178,178
1551571200000,159,159,159
1551484800000,150,150,150
1551398400000,172,172,172
1551312000000,172,172,172
1551225600000,176,176,176
1551139200000,152,152,152
1551052800000,141,141,141
1550966400000,148,148,148
1550880000000,165,165,165
1550793600000,155,155,155
1550707200000,147,147,147
1550620800000,152,152,152
1550534400000,162,162,162
1550448000000,168,168,168
1550361600000,173,173,173
1550275200000,159,159,159
1550188800000,170,170,170
1550102400000,183,183,183
1550016000000,186,186,186
1549929600000,203,203,203
1549843200000,190,190,190
1549756800000,195,195,195
1549670400000,189,189,189
1549584000000,207,207,207
1549497600000,211,211,211
1549411200000,244,244,244
1549324800000,240,240,240
1549238400000,230,230,230
1549152000000,210,210,210
1549065600000,229,229,229
1548979200000,237,237,237
1548892800000,226,226,226
1548806400000,241,241,241
1548720000000,268,268,268
1548633600000,262,262,262
1548547200000,228,228,228
1548460800000,240,240,240
1548374400000,204,204,204
1548288000000,256,256,256
1548201600000,263,263,263
1548115200000,316,316,316
1548028800000,145,145,145
1547942400000,136,136,136
1547856000000,141,141,141
1547769600000,125,125,125
1547683200000,130,130,130
1547596800000,143,143,143
1547510400000,145,145,145
1547424000000,142,142,142
1547337600000,151,151,151
1547251200000,136,136,136
1547164800000,132,132,132
1547078400000,147,147,147
1546992000000,151,151,151
1546905600000,140,140,140
1546819200000,150,150,150
1546732800000,150,150,150
1546646400000,132,132,132
1546560000000,160,160,160
1546473600000,150,150,150
1546387200000,161,161,161
1546300800000,144,144,144
1546214400000,132,132,132
1546128000000,137,137,137
1546041600000,144,144,144
1545955200000,176,176,176
1545868800000,178,178,178
1545782400000,151,151,151
1545696000000,144,144,144
1545609600000,156,156,156
1545523200000,156,156,156
1545436800000,175,175,175
1545350400000,124,124,124
1545264000000,160,160,160
1545177600000,166,166,166
1545091200000,154,154,154
1545004800000,125,125,125
1544918400000,157,157,157
1544832000000,150,150,150
1544745600000,128,128,128
1544659200000,164,164,164
1544572800000,158,158,158
1544486400000,144,144,144
1544400000000,165,165,165
1544313600000,169,169,169
1544227200000,160,160,160
1544140800000,158,158,158
1544054400000,167,167,167
1543968000000,145,145,145
1543881600000,173,173,173
1543795200000,167,167,167
1543708800000,164,164,164
1543622400000,159,159,159
1543536000000,154,154,154
1543449600000,188,188,188
1543363200000,156,156,156
1543276800000,152,152,152
1543190400000,193,193,193
1543104000000,147,147,147
1543017600000,191,191,191
1542931200000,159,159,159
1542844800000,197,197,197
1542758400000,190,190,190
1542672000000,182,182,182
1542585600000,182,182,182
1542499200000,155,155,155
1542412800000,170,170,170
1542326400000,172,172,172
1542240000000,182,182,182
1542153600000,192,192,192
1542067200000,185,185,185
1541980800000,207,207,207
1541894400000,193,193,193
1541808000000,193,193,193
1541721600000,199,199,199
1541635200000,181,181,181
1541548800000,177,177,177
1541462400000,156,156,156
1541376000000,141,141,141
1541289600000,136,136,136
1541203200000,138,138,138
1541116800000,134,134,134
1541030400000,152,152,152
1540944000000,131,131,131
1540857600000,123,123,123
1540771200000,129,129,129
1540684800000,137,137,137
1540598400000,128,128,128
1540512000000,114,114,114
1540425600000,117,117,117
1540339200000,123,123,123
1540252800000,123,123,123
1540166400000,117,117,117
1540080000000,109,109,109
1539993600000,101,101,101
1539907200000,97,97,97
1539820800000,96,96,96
1539734400000,118,118,118
1539648000000,130,130,130
1539561600000,128,128,128
1539475200000,100,100,100
1539388800000,98,98,98
1539302400000,110,110,110
1539216000000,105,105,105
1539129600000,106,106,106
1539043200000,113,113,113
1538956800000,111,111,111
1538870400000,104,104,104
1538784000000,48,48,48
1538697600000,58,58,58
1538611200000,49,49,49
1538524800000,55,55,55
1538438400000,59,59,59
1538352000000,56,56,56
1538265600000,52,52,52
1538179200000,53,53,53
1538092800000,22,22,22
1538006400000,21,21,21
1537920000000,17,17,17
1537833600000,22,22,22
1537747200000,20,20,20
1537660800000,19,19,19
1537574400000,29,29,29
1537488000000,16,16,16
1537401600000,14,14,14
1537315200000,22,22,22
1537228800000,21,21,21
1537142400000,17,17,17
1537056000000,21,21,21
1536969600000,12,12,12
1536883200000,29,29,29
1536796800000,26,26,26
1536710400000,26,26,26
1536624000000,18,18,18
1536537600000,16,16,16
1536451200000,18,18,18
1536364800000,16,16,16
1536278400000,29,29,29
1536192000000,26,26,26
1536105600000,24,24,24
1536019200000,25,25,25
1535932800000,9,9,9
1535846400000,20,20,20
1535760000000,15,15,15
1535673600000,8,8,8
1535587200000,9,9,9
1535500800000,11,11,11
1535414400000,8,8,8
1535328000000,14,14,14
1535241600000,12,12,12
1535155200000,12,12,12
1535068800000,19,19,19
1534982400000,15,15,15
1534896000000,20,20,20
1534809600000,14,14,14
1534723200000,16,16,16
1534636800000,37,37,37
1534550400000,20,20,20
1534464000000,15,15,15
1534377600000,9,9,9
1534291200000,14,14,14
1534204800000,10,10,10
1534118400000,21,21,21
1534032000000,8,8,8
1533945600000,6,6,6
1533859200000,16,16,16
1533772800000,9,9,9
1533686400000,11,11,11
1533600000000,10,10,10
1533513600000,12,12,12
1533427200000,14,14,14
1533340800000,10,10,10
1533254400000,18,18,18
1533168000000,16,16,16
1533081600000,12,12,12
1532995200000,16,16,16
1532908800000,9,9,9
1532822400000,14,14,14
1532736000000,17,17,17
1532649600000,17,17,17
1532563200000,15,15,15
1532476800000,18,18,18
1532390400000,25,25,25
1532304000000,9,9,9
1532217600000,17,17,17
1532131200000,21,21,21
1532044800000,18,18,18
1531958400000,20,20,20
1531872000000,14,14,14
1531785600000,30,30,30
1531699200000,38,38,38
1531612800000,29,29,29
1531526400000,9,9,9
1531440000000,17,17,17
1531353600000,20,20,20
1531267200000,34,34,34
1531180800000,58,58,58
1531094400000,58,58,58
1531008000000,70,70,70
1530921600000,38,38,38
1530835200000,24,24,24
1530748800000,43,43,43
1530662400000,20,20,20
1530576000000,26,26,26
1530489600000,22,22,22
1530403200000,26,26,26
1530316800000,33,33,33
1530230400000,41,41,41
1530144000000,37,37,37
1530057600000,47,47,47
1529971200000,45,45,45
1529884800000,48,48,48
1529798400000,37,37,37
1529712000000,41,41,41
1529625600000,46,46,46
1529539200000,40,40,40
1529452800000,48,48,48
1529366400000,45,45,45
1529280000000,36,36,36
1529193600000,38,38,38
1529107200000,29,29,29
1529020800000,41,41,41
1528934400000,40,40,40
1528848000000,44,44,44
1528761600000,41,41,41
1528675200000,39,39,39
1528588800000,36,36,36
1528502400000,27,27,27
1528416000000,28,28,28
1528329600000,20,20,20
1528243200000,22,22,22
1528156800000,17,17,17
1528070400000,16,16,16
1527984000000,12,12,12
1527897600000,23,23,23
1527811200000,15,15,15
1527724800000,14,14,14
1527638400000,14,14,14
1527552000000,8,8,8
1527465600000,23,23,23
1527379200000,20,20,20
1527292800000,18,18,18
1527206400000,28,28,28
1527120000000,21,21,21
1527033600000,25,25,25
1526947200000,14,14,14
1526860800000,18,18,18
1526774400000,20,20,20
1526688000000,39,39,39
1526601600000,12,12,12
1526515200000,23,23,23
1526428800000,27,27,27
1526342400000,44,44,44
1526256000000,38,38,38
1526169600000,39,39,39
1526083200000,44,44,44
1525996800000,39,39,39
1525910400000,41,41,41
1525824000000,68,68,68
1525737600000,62,62,62
1525651200000,33,33,33
1525564800000,17,17,17
1525478400000,30,30,30
1525392000000,82,82,82
1525305600000,4,4,4
1525219200000,2,2,2
1525132800000,4,4,4
1525046400000,1,1,1
1524960000000,6,6,6
1524873600000,1,1,1
1524787200000,3,3,3
1524700800000,8,8,8
1524614400000,4,4,4
1524528000000,10,10,10
1524441600000,2,2,2
1524355200000,3,3,3
1524268800000,4,4,4
1524182400000,6,6,6
1524096000000,12,12,12
1524009600000,8,8,8
1523923200000,9,9,9
1523836800000,33,33,33
1523750400000,35,35,35
1523664000000,18,18,18
1523577600000,31,31,31
1523491200000,19,19,19
1523404800000,14,14,14
1523318400000,11,11,11
1523232000000,24,24,24
1523145600000,23,23,23
1523059200000,17,17,17
1522972800000,14,14,14
1522886400000,8,8,8
1522800000000,10,10,10
1522713600000,17,17,17
1522627200000,14,14,14
1522540800000,11,11,11
1522454400000,18,18,18
1522368000000,9,9,9
1522281600000,6,6,6
1522195200000,7,7,7
1522108800000,19,19,19
1522022400000,15,15,15
1521936000000,19,19,19
1521849600000,10,10,10
1521763200000,4,4,4
1521676800000,7,7,7
1521590400000,5,5,5
1521504000000,4,4,4
1521417600000,6,6,6
1521331200000,4,4,4
1521244800000,8,8,8
1521158400000,14,14,14
1521072000000,9,9,9
1520985600000,94,94,94
1520899200000,4,4,4
1520812800000,1,1,1
1520726400000,2,2,2
1520640000000,3,3,3
1520553600000,1,1,1
1520467200000,1,1,1
1520380800000,0,0,0
1520294400000,3,3,3
1520208000000,0,0,0
1520121600000,3,3,3
1520035200000,1,1,1
1519948800000,2,2,2
1519862400000,3,3,3
1519776000000,5,5,5
1519689600000,7,7,7
1519603200000,4,4,4
1519516800000,2,2,2
1519430400000,2,2,2
1519344000000,2,2,2
1519257600000,4,4,4
1519171200000,4,4,4
1519084800000,11,11,11
1518998400000,15,15,15
1518912000000,46,46,46
1518825600000,0,0,0
1518739200000,2,2,2